id,type,dob,vaccineDue
124,2,06/16/2020,12/30/2023
125,2,09/04/2020,12/26/2023
126,2,04/06/2020,04/01/2024
127,1,01/22/2021,11/26/2023
128,3,04/13/2021,03/15/2025
129,1,11/19/2021,06/07/2024
130,2,08/19/2020,01/14/2025
131,1,01/13/2022,07/31/2024
132,1,02/08/2020,01/17/2024
133,1,11/21/2018,05/31/2023
134,0,07/25/2021,11/28/2023
135,2,06/29/2018,02/03/2024
136,2,07/21/2019,12/31/2023
137,2,04/03/2020,06/06/2024
138,3,02/08/2021,11/27/2023
139,1,11/11/2022,02/09/2025
140,2,09/28/2019,02/15/2024
141,3,10/22/2020,07/20/2023
142,1,08/24/2018,04/24/2023
143,2,04/14/2021,02/23/2025
144,0,10/26/2020,01/31/2025
145,2,02/05/2023,11/17/2024
146,3,01/22/2022,05/21/2024
147,2,07/22/2020,11/06/2024
148,0,05/31/2019,04/23/2023
149,3,04/15/2022,09/29/2023
150,0,09/21/2018,12/28/2024
151,2,08/22/2020,04/22/2023
152,1,12/19/2021,10/23/2023
153,3,03/05/2020,03/02/2025
154,1,08/09/2018,05/17/2023
155,2,12/29/2020,06/24/2023
156,1,01/16/2019,11/01/2024
157,0,12/07/2019,05/18/2024
158,2,03/30/2020,07/14/2023
159,2,12/31/2021,03/26/2024
160,1,07/12/2022,06/02/2024
161,1,03/13/2021,01/09/2025
162,1,09/20/2020,02/15/2025
163,1,12/07/2022,06/27/2023
164,3,06/27/2021,08/13/2024
165,3,03/12/2019,02/18/2025
166,0,09/04/2021,04/25/2023
167,1,11/15/2019,03/09/2024
168,1,03/01/2021,05/02/2024
169,0,05/19/2021,05/29/2023
170,3,08/24/2019,03/15/2025
171,3,04/27/2022,11/15/2023
172,3,01/31/2020,12/29/2023
173,3,11/29/2019,10/09/2023
174,2,06/27/2020,01/12/2024
175,0,01/15/2021,11/21/2023
176,3,11/24/2022,05/01/2023
177,0,06/16/2022,04/28/2023
178,0,11/04/2022,05/21/2023
179,1,03/19/2021,06/26/2024
180,2,05/12/2022,03/30/2024
181,1,12/16/2022,05/28/2024
182,1,04/09/2022,10/25/2023
183,0,07/15/2019,01/19/2025
184,2,10/22/2019,08/06/2023
185,0,01/08/2022,11/16/2023
186,3,09/07/2018,09/22/2024
187,2,03/11/2021,07/06/2023
188,2,08/02/2020,11/27/2023
189,2,10/02/2022,07/24/2024
190,2,04/04/2023,01/11/2024
191,2,04/04/2020,05/14/2024
192,3,07/05/2018,09/12/2024
193,3,12/17/2018,04/19/2024
194,0,10/03/2021,09/16/2024
195,0,12/24/2022,09/14/2023
196,2,01/20/2021,11/10/2024
197,0,11/24/2020,03/16/2025
198,2,08/16/2018,01/06/2025
199,2,11/05/2020,03/26/2025
200,0,10/03/2021,10/30/2023
201,0,04/17/2020,04/12/2024
202,1,01/18/2020,10/02/2023
203,1,11/26/2019,10/30/2023
204,1,12/03/2021,03/26/2024
205,0,04/11/2021,07/02/2023
206,3,07/08/2020,06/23/2023
207,3,06/28/2018,06/08/2024
208,1,10/08/2022,12/06/2024
209,1,12/04/2020,04/07/2025
210,0,06/11/2018,02/26/2025
211,1,01/03/2021,09/07/2023
212,3,03/11/2023,11/15/2023
213,0,06/15/2019,04/29/2023
214,0,07/08/2021,05/21/2023
215,1,04/09/2020,04/01/2024
216,0,01/25/2021,02/18/2025
217,2,06/27/2022,12/04/2023
218,2,06/03/2019,07/06/2023
219,2,10/23/2022,04/08/2024
220,0,08/16/2019,02/14/2025
221,2,10/18/2018,10/17/2023
222,1,06/30/2021,06/13/2023
223,2,07/08/2020,12/09/2023
224,1,04/26/2020,05/05/2024
225,1,02/27/2023,06/29/2023
226,2,09/29/2019,12/07/2023
227,1,12/11/2018,12/04/2023
228,1,11/11/2018,08/27/2024
229,3,06/28/2022,08/04/2024
230,1,08/19/2022,05/04/2023
231,0,08/25/2021,08/25/2023
232,3,11/26/2021,06/07/2024
233,1,06/27/2018,10/10/2023
234,1,08/31/2019,06/24/2024
235,3,02/22/2021,04/04/2024
236,2,12/25/2022,05/22/2023
237,0,02/28/2023,12/08/2023
238,1,12/23/2021,12/07/2023
239,1,01/29/2021,11/05/2023
240,3,08/03/2020,07/28/2024
241,0,07/16/2018,07/20/2024
242,3,04/21/2019,11/08/2024
243,0,11/03/2022,06/23/2023
244,1,06/06/2021,12/21/2024
245,2,05/15/2018,11/21/2024
246,0,05/24/2021,07/31/2023
247,2,11/03/2022,12/12/2024
248,2,07/22/2020,02/21/2025
249,0,03/18/2022,04/23/2023
250,1,06/27/2018,07/04/2024
251,1,03/13/2020,10/13/2023
252,2,08/17/2020,09/02/2024
253,1,07/01/2021,11/22/2024
254,2,10/05/2021,02/28/2025
255,0,12/18/2022,11/09/2024
256,1,11/17/2019,08/14/2024
257,1,02/07/2022,11/09/2023
258,1,10/16/2022,02/04/2024
259,1,01/07/2020,08/26/2024
260,1,10/11/2022,05/23/2024
261,3,02/27/2022,12/06/2023
262,0,09/28/2021,09/04/2024
263,2,03/07/2022,08/02/2023
264,0,06/17/2019,10/01/2024
265,1,10/22/2018,08/30/2023
266,1,02/15/2022,05/12/2023
267,1,08/18/2018,09/22/2023
268,3,11/28/2020,08/05/2023
269,1,09/27/2020,02/16/2024
270,2,09/30/2020,01/26/2025
271,3,11/20/2018,03/19/2025
272,1,08/06/2021,04/29/2024
273,0,07/14/2022,12/01/2024
274,3,08/22/2018,06/12/2024
275,2,08/09/2022,12/23/2023
276,2,12/06/2019,07/04/2023
277,0,01/23/2023,04/07/2024
278,1,02/13/2020,10/02/2023
279,1,01/04/2021,03/20/2024
280,3,01/02/2023,03/17/2024
281,3,09/02/2020,08/02/2024
282,2,07/19/2018,07/24/2023
283,3,10/18/2022,01/21/2025
284,0,11/17/2018,10/25/2023
285,0,07/13/2018,08/12/2024
286,2,06/01/2022,01/07/2025
287,0,09/06/2019,05/14/2024
288,2,09/18/2022,03/31/2025
289,1,05/13/2018,01/10/2025
290,2,04/24/2020,01/06/2024
291,0,09/18/2018,06/01/2023
292,0,10/03/2018,10/04/2024
293,3,06/15/2021,02/20/2024
294,3,01/14/2022,12/19/2023
295,1,12/12/2020,01/20/2024
296,1,11/04/2018,09/20/2024
297,2,05/14/2021,03/02/2025
298,0,02/27/2022,04/23/2023
299,1,05/30/2018,12/17/2024
300,1,05/24/2021,01/22/2025
301,0,04/30/2022,03/15/2024
302,2,10/22/2021,04/26/2024
303,1,08/19/2022,06/23/2024
304,3,12/08/2021,05/21/2024
305,0,10/14/2021,06/13/2023
306,2,04/02/2020,02/02/2024
307,2,06/10/2022,03/01/2024
308,1,07/26/2022,05/26/2024
309,1,10/09/2018,07/04/2024
310,3,05/18/2021,03/04/2025
311,3,10/08/2021,11/01/2023
312,2,02/03/2022,06/26/2023
313,3,06/16/2018,11/17/2023
314,3,02/08/2023,04/14/2024
315,1,05/31/2020,05/18/2023
316,2,09/15/2021,06/06/2023
317,2,01/15/2019,09/27/2023
318,1,11/07/2020,11/11/2024
319,0,03/07/2023,07/31/2024
320,1,01/06/2019,03/23/2024
321,2,04/13/2023,02/12/2024
322,3,10/06/2022,05/04/2023
323,2,06/15/2021,09/03/2024
324,3,09/14/2022,01/16/2024
325,1,03/09/2019,05/31/2023
326,1,02/02/2019,12/13/2024
327,1,09/12/2022,10/21/2024
328,3,10/27/2020,08/04/2023
329,0,08/26/2020,09/29/2024
330,0,11/10/2018,07/03/2023
331,2,09/24/2018,10/24/2024
332,0,12/14/2020,02/10/2025
333,1,08/21/2019,08/23/2024
334,1,09/19/2018,10/11/2024
335,2,09/22/2021,06/07/2023
336,0,01/27/2023,11/03/2024
337,1,06/09/2022,09/11/2023
338,2,12/02/2022,03/29/2024
339,2,03/13/2020,02/20/2024
340,3,03/07/2020,07/30/2023
341,2,02/12/2020,11/15/2024
342,1,06/28/2018,06/10/2024
343,2,01/08/2021,10/21/2023
344,2,02/02/2020,01/28/2025
345,2,04/29/2018,03/27/2025
346,0,03/31/2020,11/30/2023
347,2,11/22/2021,07/07/2023
348,1,12/27/2022,12/29/2024
349,2,04/08/2023,08/10/2023
350,0,10/08/2018,07/11/2024
351,2,05/08/2022,09/21/2023
352,0,09/17/2022,07/03/2023
353,1,12/23/2018,07/26/2024
354,0,12/02/2022,10/30/2024
355,1,08/19/2018,11/22/2024
356,2,12/16/2021,01/05/2025
357,2,05/25/2020,03/28/2024
358,3,09/22/2021,06/26/2024
359,2,08/31/2022,10/28/2024
360,3,11/27/2022,07/01/2023
361,3,06/22/2021,11/05/2023
362,1,05/01/2018,10/10/2024
363,3,02/09/2019,05/05/2023
364,3,06/21/2021,11/10/2024
365,0,05/24/2020,10/23/2023
366,3,08/05/2020,07/18/2023
367,1,04/30/2019,02/16/2024
368,3,08/25/2018,02/08/2025
369,3,04/08/2020,09/12/2024
370,2,07/16/2021,02/12/2024
371,3,05/30/2019,10/06/2024
372,2,07/12/2020,01/31/2024
373,0,09/15/2020,01/12/2024
374,3,08/20/2018,09/13/2024
375,1,05/22/2018,02/10/2024
376,1,01/03/2021,03/20/2024
377,0,09/13/2019,08/20/2023
378,1,06/20/2020,11/13/2023
379,1,09/24/2022,04/07/2024
380,2,11/03/2021,03/13/2025
381,3,07/27/2018,06/30/2024
382,1,12/12/2018,04/19/2024
383,1,11/28/2019,11/14/2023
384,3,09/08/2020,02/23/2025
385,0,06/29/2021,10/12/2024
386,1,05/23/2019,01/15/2024
387,1,07/20/2021,11/15/2023
388,3,01/06/2021,12/24/2023
389,1,11/18/2020,04/21/2024
390,1,04/04/2021,10/21/2024
391,3,05/03/2021,06/22/2023
392,3,10/25/2022,02/13/2024
393,3,08/03/2021,07/31/2024
394,3,12/09/2020,07/20/2024
395,2,01/02/2019,05/12/2024
396,3,09/20/2018,04/03/2025
397,2,04/10/2021,02/11/2024
398,0,07/04/2019,05/07/2024
399,3,08/16/2020,12/31/2023
400,2,07/21/2022,09/25/2023
401,3,12/20/2022,10/01/2024
402,2,12/06/2021,12/06/2023
403,0,04/25/2020,07/09/2023
404,0,08/24/2020,07/07/2023
405,3,04/03/2022,03/29/2024
406,1,11/13/2019,06/23/2023
407,1,11/11/2018,11/01/2023
408,3,05/05/2022,12/27/2023
409,2,11/15/2019,07/28/2023
410,2,04/14/2020,12/21/2023
411,1,11/06/2021,08/09/2024
412,0,12/28/2021,10/08/2024
413,0,04/05/2020,10/12/2023
414,0,02/24/2020,12/22/2023
415,3,07/04/2021,07/18/2023
416,3,04/13/2019,02/03/2025
417,1,09/20/2019,02/21/2025
418,0,10/29/2022,05/17/2024
419,2,03/13/2019,03/02/2024
420,1,12/30/2018,02/19/2025
421,0,06/23/2020,01/05/2024
422,0,11/20/2019,03/18/2025
423,2,10/12/2018,07/24/2023
424,3,01/13/2021,08/28/2023
425,2,08/18/2021,05/14/2023
426,0,08/24/2020,07/16/2024
427,3,10/13/2018,09/06/2023
428,1,03/03/2021,01/28/2025
429,3,03/21/2023,05/09/2024
430,0,05/21/2021,09/18/2024
431,1,04/21/2020,06/20/2024
432,0,07/05/2018,11/04/2023
433,0,06/27/2019,10/09/2023
434,2,01/20/2022,06/20/2024
435,1,04/03/2020,04/16/2024
436,2,02/10/2022,12/21/2023
437,1,07/26/2018,10/10/2023
438,2,07/13/2018,06/06/2024
439,0,02/22/2023,07/01/2024
440,1,11/01/2021,07/29/2024
441,3,07/07/2018,08/06/2023
442,0,07/24/2022,11/07/2024
443,2,09/17/2022,05/28/2023
444,0,04/21/2018,01/25/2025
445,2,07/19/2019,11/21/2024
446,2,02/13/2022,04/01/2024
447,3,03/21/2020,12/23/2023
448,3,05/26/2022,02/01/2025
449,2,09/29/2021,03/14/2025
450,0,07/12/2022,10/18/2024
451,1,08/17/2022,07/11/2024
452,3,09/13/2020,01/24/2025
453,3,12/05/2022,09/27/2024
454,0,06/06/2019,05/17/2024
455,1,01/07/2021,10/16/2023
456,1,10/18/2022,09/11/2023
457,2,09/27/2020,05/19/2024
458,1,10/11/2018,02/20/2024
459,1,04/20/2018,10/25/2024
460,2,04/04/2023,11/25/2024
461,2,09/24/2022,11/08/2023
462,2,01/18/2021,10/19/2024
463,0,01/31/2021,07/08/2024
464,2,10/20/2019,02/16/2024
465,2,11/05/2018,04/19/2024
466,3,12/16/2021,11/08/2023
467,0,11/24/2019,01/05/2024
468,2,01/27/2023,06/19/2024
469,1,10/29/2022,05/30/2024
470,0,03/17/2022,06/14/2023
471,2,03/20/2021,12/12/2023
472,2,11/20/2018,06/05/2024
473,2,07/06/2022,12/29/2024
474,0,07/10/2019,09/14/2023
475,2,01/20/2021,08/06/2023
476,3,02/18/2019,01/19/2024
477,3,10/10/2019,07/05/2023
478,0,12/03/2018,02/26/2024
479,0,09/16/2022,09/23/2024
480,1,08/27/2021,07/27/2024
481,1,04/20/2022,08/27/2024
482,3,10/19/2019,06/09/2024
483,1,01/12/2021,05/08/2023
484,1,06/24/2018,12/22/2024
485,2,04/14/2019,06/25/2024
486,0,12/08/2019,10/28/2024
487,1,09/17/2019,07/23/2023
488,0,08/19/2022,02/23/2025
489,3,09/16/2021,02/10/2025
490,3,01/10/2019,06/11/2023
491,0,06/23/2019,11/11/2023
492,3,08/07/2020,05/09/2024
493,0,12/15/2019,02/27/2024
494,1,03/31/2019,02/21/2025
495,2,07/29/2021,02/26/2025
496,3,10/09/2022,09/08/2023
497,1,08/15/2021,09/11/2024
498,3,03/28/2020,07/27/2024
499,1,11/10/2021,03/10/2024
500,2,05/31/2018,11/04/2023
501,2,04/09/2023,07/27/2023
502,1,08/04/2020,06/23/2024
503,3,12/29/2019,07/30/2023
504,1,07/07/2021,07/21/2023
505,0,10/16/2020,06/23/2024
506,3,03/31/2023,05/17/2023
507,2,07/31/2020,10/28/2024
508,3,12/23/2019,06/29/2023
509,0,02/02/2023,11/12/2024
510,0,12/14/2021,06/02/2023
511,2,10/22/2018,09/15/2024
512,0,10/13/2022,12/24/2023
513,1,06/28/2019,10/15/2023
514,3,05/25/2018,12/21/2023
515,3,03/03/2020,01/19/2024
516,0,12/31/2018,05/05/2023
517,3,06/22/2022,02/12/2025
518,1,05/07/2022,01/14/2025
519,3,03/27/2021,08/05/2024
520,0,08/31/2022,10/10/2024
521,2,02/10/2023,05/26/2023
522,3,04/02/2023,03/26/2024
523,0,04/04/2020,06/18/2024
524,1,12/01/2021,12/05/2023
525,1,05/08/2021,08/09/2024
526,3,08/14/2022,08/25/2024
527,2,01/09/2022,07/10/2023
528,1,12/03/2022,07/25/2023
529,0,06/14/2020,05/07/2023
530,0,10/31/2021,02/28/2025
531,3,01/24/2020,04/04/2025
532,1,07/13/2021,12/11/2023
533,2,02/28/2023,12/26/2024
534,3,08/08/2020,04/08/2025
535,3,09/10/2018,05/12/2023
536,2,05/02/2018,11/05/2023
537,1,05/27/2021,03/28/2024
538,0,09/25/2021,06/04/2024
539,3,03/23/2020,10/17/2024
540,3,09/20/2019,08/07/2024
541,1,05/14/2022,05/25/2023
542,3,06/23/2019,06/27/2023
543,0,02/21/2023,08/25/2024
544,0,12/08/2021,05/21/2023
545,3,12/27/2021,08/24/2024
546,0,06/13/2021,11/13/2023
547,2,01/02/2022,07/21/2024
548,2,09/17/2019,09/02/2023
549,0,03/25/2022,01/06/2025
550,3,12/25/2019,03/25/2024
551,3,04/05/2020,07/02/2024
552,3,01/16/2020,02/21/2024
553,3,02/17/2021,06/21/2023
554,2,05/08/2018,05/22/2023
555,1,06/08/2021,03/23/2024
556,2,05/29/2022,08/24/2024
557,0,06/22/2022,04/23/2024
558,3,07/19/2022,03/27/2024
559,1,06/26/2020,12/16/2024
560,2,10/11/2018,11/03/2024
561,2,11/15/2018,12/14/2023
562,0,02/08/2022,02/12/2024
563,2,01/23/2020,07/04/2023
564,1,02/04/2021,01/08/2024
565,3,03/03/2020,09/15/2024
566,3,09/19/2018,06/17/2024
567,0,01/11/2020,06/03/2024
568,2,11/30/2019,07/24/2024
569,1,04/07/2023,03/23/2025
570,3,01/07/2022,10/07/2023
571,0,12/03/2022,07/04/2024
572,1,10/04/2021,02/22/2025
573,2,05/23/2022,03/08/2024
574,0,11/11/2019,04/02/2025
575,1,04/08/2021,04/12/2024
576,1,07/13/2020,10/13/2024
577,3,02/18/2021,10/31/2023
578,3,11/08/2018,01/22/2024
579,3,07/10/2022,11/13/2024
580,3,12/15/2019,12/30/2023
581,2,10/13/2020,01/24/2024
582,3,01/16/2021,02/04/2025
583,3,01/26/2022,08/25/2023
584,1,12/23/2022,01/20/2025
585,2,06/17/2021,11/02/2024
586,3,01/19/2021,02/07/2025
587,0,10/01/2022,01/20/2024
588,2,06/19/2020,08/25/2024
589,2,05/01/2020,07/17/2024
590,0,08/18/2018,08/25/2024
591,2,09/28/2022,12/22/2024
592,2,12/18/2019,09/06/2024
593,3,07/09/2020,04/14/2025
594,0,07/27/2021,05/03/2024
595,3,09/23/2018,02/29/2024
596,2,01/08/2020,01/23/2025
597,1,10/18/2019,05/09/2024
598,3,03/18/2020,03/29/2025
599,2,02/12/2023,03/26/2025
600,0,08/08/2020,08/18/2023
601,1,01/21/2020,09/07/2024
602,3,11/28/2021,04/09/2024
603,2,12/21/2021,03/21/2024
604,3,12/13/2020,09/20/2024
605,1,03/31/2019,01/12/2024
606,1,04/08/2022,03/29/2025
607,2,12/06/2022,11/10/2024
608,1,06/15/2022,04/09/2024
609,1,02/04/2021,03/24/2024
610,3,02/20/2021,07/23/2023
611,3,08/08/2018,10/27/2024
612,1,06/20/2021,06/20/2024
613,1,08/21/2018,05/06/2024
614,0,01/15/2023,02/11/2024
615,2,08/07/2021,12/11/2024
616,0,11/27/2018,10/21/2023
617,2,09/02/2020,09/17/2023
618,2,10/30/2022,08/10/2024
619,0,11/22/2018,11/21/2024
620,1,12/10/2020,03/27/2024
621,0,08/19/2021,05/11/2024
622,2,08/11/2022,12/08/2024
623,2,02/25/2023,09/14/2023
624,2,04/01/2021,06/04/2024
625,2,05/07/2020,05/26/2023
626,1,06/29/2022,11/23/2024
627,2,01/31/2022,12/26/2023
628,1,02/26/2023,02/23/2024
629,1,11/10/2021,06/02/2023
630,2,09/12/2018,05/04/2023
631,3,04/25/2020,10/26/2024
632,0,03/24/2022,12/08/2023
633,3,11/22/2019,07/16/2024
634,3,04/04/2019,02/11/2025
635,2,01/20/2019,04/23/2024
636,3,01/11/2021,03/25/2024
637,1,09/15/2020,10/21/2024
638,1,12/31/2021,01/05/2024
639,3,04/08/2019,01/24/2025
640,2,12/07/2018,12/08/2024
641,3,12/29/2019,04/16/2025
642,2,09/20/2020,12/18/2023
643,3,09/15/2019,09/29/2024
644,2,03/10/2020,01/19/2025
645,0,03/12/2021,04/03/2024
646,0,11/14/2020,10/16/2024
647,0,08/07/2021,04/30/2023
648,2,08/17/2019,07/30/2023
649,0,09/11/2021,09/08/2023
650,1,01/30/2021,02/25/2024
651,0,10/23/2021,07/31/2023
652,3,04/11/2023,03/22/2024
653,1,06/27/2020,03/12/2024
654,0,01/16/2023,12/24/2023
655,3,04/07/2020,12/15/2023
656,2,11/18/2018,03/23/2024
657,0,08/30/2022,01/31/2025
658,1,01/12/2021,03/09/2024
659,2,02/18/2022,03/01/2024
660,1,03/02/2023,04/29/2024
661,0,03/09/2019,09/25/2024
662,2,12/14/2018,06/06/2023
663,1,11/24/2021,10/01/2024
664,0,08/05/2022,01/20/2025
665,1,07/04/2022,09/09/2024
666,1,05/26/2022,10/22/2024
667,3,03/14/2021,04/18/2025
668,2,06/30/2019,09/30/2024
669,2,01/15/2022,07/12/2023
670,1,04/10/2022,06/13/2023
671,3,06/05/2021,04/25/2023
672,1,07/02/2018,07/25/2023
673,3,07/13/2020,04/29/2024
674,1,08/04/2022,11/06/2023
675,3,07/18/2021,06/23/2024
676,0,05/04/2020,02/13/2024
677,1,08/08/2022,01/06/2025
678,3,09/21/2018,06/27/2024
679,1,03/07/2021,08/08/2023
680,0,03/12/2021,06/17/2024
681,0,08/04/2020,09/02/2023
682,0,07/15/2019,09/14/2024
683,1,01/20/2023,01/24/2024
684,2,03/05/2021,09/19/2023
685,3,01/17/2021,12/21/2023
686,1,10/04/2022,06/18/2024
687,3,03/13/2022,10/30/2023
688,1,07/16/2022,10/22/2024
689,2,05/12/2021,10/23/2024
690,2,10/20/2022,07/04/2024
691,3,02/19/2019,02/26/2025
692,1,04/07/2023,04/05/2025
693,2,05/05/2018,09/04/2023
694,2,01/03/2020,01/14/2025
695,3,10/08/2020,11/14/2024
696,1,05/03/2018,09/07/2023
697,2,07/25/2021,03/17/2024
698,2,02/04/2019,09/20/2023
699,0,09/30/2021,04/06/2025
700,0,05/09/2020,05/20/2024
701,3,05/28/2018,11/16/2024
702,2,12/18/2019,10/02/2024
703,0,08/20/2021,12/27/2023
704,1,01/12/2021,02/14/2024
705,3,08/01/2021,05/18/2023
706,2,05/04/2019,06/28/2024
707,0,03/10/2023,08/10/2024
708,2,08/12/2021,05/06/2023
709,0,12/08/2022,11/24/2023
710,0,06/15/2018,07/16/2023
711,3,05/08/2020,07/23/2024
712,0,05/13/2020,01/11/2024
713,1,07/03/2022,11/22/2023
714,3,12/11/2020,09/24/2024
715,1,09/23/2018,08/03/2023
716,0,12/20/2022,10/09/2023
717,3,01/31/2022,03/25/2025
718,3,07/14/2021,10/20/2024
719,0,02/17/2020,12/28/2023
720,0,11/26/2022,06/30/2024
721,2,12/02/2021,05/31/2024
722,2,12/12/2022,02/18/2025
723,0,01/30/2021,07/09/2023
724,3,08/14/2019,04/24/2023
725,3,11/23/2021,08/25/2024
726,1,02/07/2022,04/13/2024
727,0,01/27/2019,04/03/2025
728,0,03/02/2023,11/03/2024
729,1,10/23/2018,02/22/2025
730,2,11/06/2022,03/23/2025
731,1,05/21/2022,03/11/2025
732,3,10/01/2018,02/06/2025
733,0,06/06/2020,10/20/2023
734,2,08/09/2018,01/29/2025
735,2,09/09/2021,03/28/2025
736,2,08/19/2020,02/19/2024
737,1,07/08/2018,12/17/2024
738,0,02/11/2023,04/09/2025
739,2,10/25/2018,08/19/2024
740,1,06/13/2021,02/03/2025
741,3,12/08/2020,06/16/2023
742,1,04/13/2021,05/02/2023
743,0,03/06/2021,12/19/2023
744,2,01/21/2023,03/21/2025
745,1,09/04/2018,06/12/2023
746,3,04/05/2021,04/12/2024
747,1,06/20/2022,01/08/2025
748,3,07/26/2018,04/01/2025
749,2,08/29/2019,04/11/2025
750,2,10/24/2018,09/05/2024
751,0,06/01/2019,09/15/2024
752,2,07/06/2021,03/03/2025
753,2,07/12/2019,05/11/2023
754,0,01/27/2020,04/14/2025
755,0,06/05/2019,08/11/2023
756,3,01/10/2020,01/02/2024
757,0,03/30/2021,07/10/2024
758,3,01/09/2019,04/01/2025
759,0,09/15/2020,02/01/2024
760,0,11/14/2022,01/15/2025
761,0,07/11/2021,08/13/2023
762,0,09/23/2018,04/06/2025
763,3,08/25/2019,02/14/2025
764,0,11/28/2021,11/27/2023
765,3,12/13/2020,04/27/2024
766,3,01/19/2020,05/02/2023
767,3,01/12/2021,08/03/2024
768,3,10/20/2019,03/13/2024
769,1,05/13/2020,03/20/2025
770,3,05/20/2022,12/21/2023
771,0,08/25/2019,10/19/2023
772,1,05/11/2019,10/11/2023
773,2,03/27/2022,09/21/2024
774,1,08/28/2019,05/04/2023
775,0,09/11/2019,05/13/2024
776,1,08/27/2018,07/23/2023
777,1,06/06/2018,04/22/2023
778,3,11/10/2018,04/05/2025
779,0,08/05/2020,10/25/2023
780,1,12/30/2021,07/21/2023
781,0,01/04/2020,06/04/2023
782,0,05/10/2018,02/04/2025
783,2,04/27/2019,10/13/2023
784,3,04/30/2019,09/06/2024
785,1,07/13/2020,10/22/2024
786,3,01/03/2020,03/28/2025
787,3,09/16/2020,11/15/2023
788,2,06/17/2019,07/07/2023
789,0,01/28/2020,01/03/2024
790,0,09/04/2019,05/04/2023
791,3,05/05/2022,04/19/2023
792,3,08/21/2021,02/28/2025
793,2,11/25/2020,08/05/2024
794,3,07/31/2019,03/31/2024
795,2,12/05/2018,10/04/2023
796,3,12/18/2018,10/03/2023
797,1,11/02/2021,03/05/2024
798,1,11/18/2020,10/22/2024
799,1,02/24/2021,03/08/2025
800,3,04/16/2020,09/12/2023
801,3,01/25/2020,03/03/2024
802,0,02/07/2023,08/21/2023
803,1,03/31/2019,06/22/2023
804,2,06/04/2021,12/20/2024
805,1,01/24/2022,11/24/2024
806,2,10/25/2022,10/18/2023
807,3,05/07/2020,03/09/2024
808,0,07/31/2020,06/05/2023
809,3,12/25/2019,11/18/2023
810,3,05/31/2020,07/17/2023
811,3,09/04/2018,10/01/2024
812,0,08/26/2019,10/27/2024
813,1,10/26/2019,03/12/2025
814,0,09/18/2019,06/04/2024
815,3,04/13/2019,08/10/2023
816,3,03/18/2020,06/02/2023
817,2,08/21/2020,01/27/2024
818,2,06/04/2020,05/23/2024
819,2,08/05/2020,02/27/2025
820,0,03/26/2023,01/12/2025
821,1,04/10/2023,05/16/2023
822,3,11/13/2019,03/18/2025
823,1,12/24/2021,07/15/2024
824,3,06/21/2020,11/05/2023
825,1,04/22/2020,05/19/2024
826,2,08/23/2018,03/15/2024
827,2,08/22/2018,04/27/2024
828,2,12/16/2020,02/03/2024
829,3,05/02/2019,11/15/2024
830,0,12/27/2022,11/10/2023
831,2,07/21/2018,04/25/2024
832,0,04/29/2020,07/02/2024
833,2,02/26/2022,02/26/2025
834,2,05/26/2019,01/18/2025
835,3,12/10/2018,03/25/2024
836,2,08/16/2019,06/23/2023
837,0,01/01/2019,07/05/2024
838,2,01/20/2023,05/02/2023
839,0,02/08/2023,06/09/2023
840,2,03/19/2020,07/26/2023
841,3,11/08/2022,05/05/2023
842,3,03/15/2022,03/02/2025
843,3,10/19/2021,05/10/2024
844,1,09/19/2021,06/12/2023
845,3,04/11/2023,11/03/2023
846,1,12/20/2021,10/08/2024
847,2,12/17/2018,10/14/2023
848,1,03/05/2020,08/29/2024
849,0,10/30/2020,07/07/2024
850,2,09/02/2022,01/07/2024
851,2,03/03/2019,06/06/2024
852,2,12/11/2018,10/01/2023
853,2,12/04/2021,09/01/2024
854,2,07/13/2021,10/06/2024
855,3,06/19/2020,08/31/2024
856,3,05/25/2021,10/10/2024
857,3,01/26/2019,01/30/2024
858,1,09/15/2022,02/09/2024
859,1,01/22/2021,02/26/2024
860,2,08/18/2022,02/26/2024
861,2,06/20/2021,12/06/2023
862,0,06/16/2021,03/05/2024
863,3,10/25/2018,08/14/2024
864,1,09/18/2018,05/15/2023
865,3,11/04/2019,08/18/2023
866,2,02/13/2021,05/04/2023
867,0,12/12/2021,04/07/2024
868,0,09/11/2019,06/15/2023
869,3,02/25/2022,05/21/2023
870,0,04/02/2019,12/24/2023
871,2,12/24/2020,06/14/2023
872,1,05/21/2018,06/16/2023
873,0,05/19/2018,10/19/2024
874,2,08/06/2019,12/07/2023
875,3,05/01/2021,08/22/2023
876,2,09/04/2022,05/22/2024
877,0,11/08/2018,05/17/2023
878,3,10/05/2022,08/10/2023
879,0,05/16/2019,04/22/2023
880,1,08/17/2018,07/27/2024
881,0,05/03/2018,06/14/2023
882,1,12/25/2020,12/01/2023
883,0,06/07/2022,05/22/2023
884,3,07/02/2018,08/27/2023
885,1,03/24/2019,02/13/2025
886,0,09/19/2022,06/14/2024
887,0,07/05/2020,10/12/2024
888,0,07/28/2018,05/25/2023
889,1,02/21/2022,04/19/2023
890,0,10/31/2019,08/16/2024
891,2,07/13/2022,02/12/2025
892,1,11/09/2022,12/18/2023
893,2,02/21/2022,02/13/2024
894,3,12/20/2019,11/19/2023
895,2,04/01/2021,06/04/2023
896,1,05/21/2022,12/04/2024
897,2,09/29/2020,01/03/2025
898,3,03/16/2019,11/19/2024
899,1,10/31/2019,02/04/2024
900,1,09/01/2021,12/17/2023
901,2,09/04/2019,10/05/2024
902,3,12/08/2018,04/30/2024
903,0,06/04/2022,04/03/2025
904,3,08/31/2018,10/05/2024
905,1,12/19/2019,07/25/2023
906,0,10/12/2021,10/13/2023
907,0,06/22/2020,01/14/2025
908,2,11/24/2018,01/11/2025
909,3,06/03/2022,01/26/2025
910,3,04/27/2020,03/30/2024
911,0,01/21/2021,01/16/2024
912,2,04/05/2022,07/26/2023
913,3,05/31/2022,06/22/2024
914,1,12/31/2022,10/23/2024
915,1,01/20/2022,07/10/2023
916,3,09/08/2019,12/06/2024
917,0,12/28/2018,10/08/2024
918,2,01/01/2022,03/13/2024
919,3,06/02/2020,10/13/2023
920,2,08/09/2018,12/20/2024
921,1,04/18/2022,12/05/2023
922,1,03/19/2023,05/27/2023
923,3,09/12/2019,11/09/2023
924,3,09/15/2019,01/15/2025
925,2,12/19/2022,12/19/2023
926,0,10/20/2021,01/14/2024
927,0,06/19/2018,04/22/2023
928,0,01/14/2019,05/04/2024
929,1,08/22/2021,11/04/2023
930,3,05/27/2018,11/29/2024
931,0,10/21/2019,03/11/2025
932,0,01/16/2020,12/31/2024
933,0,06/03/2018,02/06/2024
934,3,11/20/2018,04/02/2025
935,1,11/29/2022,03/17/2025
936,0,05/05/2021,09/20/2024
937,3,10/24/2021,11/21/2023
938,1,03/17/2021,01/01/2025
939,1,08/27/2019,04/15/2025
940,3,11/11/2022,03/25/2024
941,3,03/04/2020,05/15/2024
942,3,06/21/2022,02/26/2025
943,3,05/08/2019,01/24/2024
944,1,07/17/2018,04/28/2023
945,3,08/26/2021,03/24/2024
946,0,03/10/2022,06/02/2023
947,0,01/09/2021,08/16/2023
948,0,01/30/2023,08/13/2023
949,3,07/16/2019,11/16/2024
950,2,12/20/2018,09/12/2023
951,1,04/23/2018,02/09/2025
952,2,03/25/2021,08/15/2023
953,3,01/06/2022,04/10/2025
954,2,04/23/2022,11/11/2023
955,3,01/16/2019,02/15/2025
956,0,07/14/2018,12/05/2024
957,0,12/04/2018,01/04/2024
958,3,11/18/2022,05/06/2024
959,1,06/19/2021,10/18/2024
960,2,03/30/2022,03/08/2025
961,0,04/28/2022,11/25/2023
962,3,01/13/2020,07/04/2023
963,2,02/10/2019,06/13/2024
964,2,05/07/2020,06/02/2024
965,1,03/05/2019,09/30/2024
966,2,11/30/2019,01/31/2024
967,0,05/16/2020,08/03/2023
968,2,05/14/2021,07/26/2023
969,1,10/07/2019,12/18/2023
970,3,05/24/2019,10/18/2024
971,3,07/16/2018,05/30/2023
972,3,11/29/2020,03/31/2025
973,3,08/24/2018,08/26/2023
974,3,10/31/2019,01/28/2025
975,2,03/09/2021,12/20/2023
976,2,10/19/2019,06/04/2023
977,0,11/03/2022,10/19/2023
978,2,10/27/2022,12/04/2023
979,1,02/27/2019,07/26/2023
980,3,10/06/2018,04/01/2025
981,3,12/25/2018,11/29/2023
982,0,06/12/2022,10/05/2023
983,1,03/05/2022,12/09/2023
984,3,10/01/2020,01/12/2024
985,1,07/20/2021,04/27/2023
986,1,01/19/2020,03/17/2024
987,3,12/18/2018,01/31/2025
988,2,04/17/2019,08/16/2024
989,1,01/29/2023,05/09/2024
990,2,04/17/2022,11/04/2024
991,1,05/08/2020,02/24/2024
992,1,03/23/2020,12/01/2023
993,1,04/16/2019,06/27/2024
994,2,09/16/2018,05/30/2024
995,0,11/17/2018,05/27/2023
996,2,08/22/2019,01/12/2024
997,2,08/27/2022,12/07/2024
998,1,02/15/2022,08/24/2023
999,3,08/09/2018,01/05/2024
1000,3,03/22/2022,05/31/2024
1001,1,10/05/2019,09/29/2023
1002,0,09/07/2019,07/16/2024
1003,1,02/10/2022,05/09/2024
1004,0,05/08/2018,11/14/2023
1005,3,12/14/2018,09/24/2023
1006,2,03/02/2022,06/15/2023
1007,3,03/15/2021,05/18/2023
1008,2,10/17/2020,05/29/2024
1009,1,10/30/2018,11/10/2024
1010,0,10/28/2021,09/08/2024
1011,1,04/29/2018,02/11/2025
1012,0,06/26/2021,08/03/2023
1013,1,02/24/2021,10/04/2023
1014,0,09/21/2019,06/07/2023
1015,0,11/27/2019,08/09/2024
1016,1,04/27/2021,11/04/2024
1017,3,11/17/2022,09/25/2024
1018,2,10/14/2022,07/08/2024
1019,1,06/12/2021,09/09/2023
1020,1,04/30/2018,12/06/2023
1021,1,07/03/2021,02/06/2025
1022,2,01/19/2020,07/14/2024
1023,3,12/16/2019,10/02/2023
1024,0,09/24/2018,12/29/2023
1025,0,03/19/2020,10/04/2024
1026,2,03/07/2020,05/16/2023
1027,3,12/26/2021,01/17/2025
1028,0,12/08/2021,09/01/2023
1029,1,08/03/2021,08/24/2024
1030,3,08/02/2021,08/31/2024
1031,3,02/23/2023,09/18/2024
1032,3,01/08/2020,08/14/2024
1033,3,04/08/2021,07/23/2023
1034,2,10/30/2020,12/27/2024
1035,3,10/28/2022,10/19/2024
1036,3,09/06/2019,10/14/2024
1037,2,09/18/2018,07/05/2024
1038,3,10/05/2022,05/08/2024
1039,2,05/15/2021,03/20/2024
1040,1,02/09/2019,04/25/2023
1041,2,02/04/2020,07/01/2024
1042,3,03/14/2021,01/10/2025
1043,3,06/09/2021,05/04/2023
1044,0,11/10/2022,07/05/2024
1045,2,04/15/2022,06/24/2023
1046,3,10/06/2018,07/12/2024
1047,1,06/14/2019,07/07/2023
1048,0,12/15/2018,03/17/2024
1049,0,10/10/2020,04/17/2024
1050,2,02/26/2023,09/02/2023
1051,3,03/15/2020,04/13/2024
1052,2,10/16/2021,02/13/2025
1053,1,10/17/2020,09/13/2023
1054,2,08/04/2021,12/10/2023
1055,2,12/12/2021,12/13/2024
1056,0,04/30/2019,06/28/2023
1057,2,04/21/2018,05/01/2023
1058,0,09/25/2018,01/11/2025
1059,3,01/05/2021,08/19/2023
1060,3,04/02/2021,02/23/2024
1061,2,11/27/2022,08/15/2023
1062,2,07/15/2020,06/29/2023
1063,0,09/27/2020,10/06/2024
1064,0,06/12/2018,06/09/2023
1065,0,11/11/2018,01/26/2025
1066,3,06/26/2022,03/17/2024
1067,1,07/01/2018,12/04/2024
1068,2,10/19/2019,05/11/2023
1069,1,12/14/2018,08/21/2024
1070,3,12/13/2022,01/25/2025
1071,2,10/03/2022,06/06/2023
1072,3,11/17/2020,04/22/2024
1073,3,11/30/2021,04/23/2023
1074,2,08/20/2022,05/18/2023
1075,0,03/12/2019,07/15/2024
1076,3,04/26/2021,02/03/2025
1077,3,05/02/2018,06/23/2024
1078,2,07/18/2022,08/15/2023
1079,2,10/30/2019,08/11/2024
1080,2,09/14/2022,08/27/2023
1081,3,10/16/2018,01/15/2024
1082,1,06/24/2018,10/25/2023
1083,1,10/18/2018,02/20/2025
1084,1,02/11/2021,03/18/2025
1085,2,12/27/2018,11/20/2024
1086,2,08/14/2019,06/26/2023
1087,0,04/03/2023,01/01/2024
1088,1,06/11/2021,08/11/2024
1089,0,09/01/2018,01/25/2025
1090,2,04/14/2019,07/21/2024
1091,3,02/07/2021,05/19/2023
1092,0,11/20/2020,08/24/2023
1093,3,11/13/2018,01/22/2024
1094,3,12/29/2018,02/19/2025
1095,1,04/14/2021,01/15/2024
1096,0,01/26/2019,05/31/2023
1097,3,05/26/2021,04/27/2023
1098,2,12/24/2019,11/29/2023
1099,2,01/01/2022,10/02/2023
1100,2,08/29/2018,08/03/2024
1101,1,01/16/2020,09/14/2023
1102,3,11/19/2019,09/29/2024
1103,0,10/26/2019,12/17/2023
1104,1,10/25/2021,12/19/2023
1105,0,12/18/2020,05/29/2024
1106,1,07/15/2019,06/04/2024
1107,0,07/10/2021,11/27/2024
1108,2,12/19/2022,12/30/2024
1109,1,06/25/2018,12/22/2024
1110,2,03/20/2022,03/27/2025
1111,0,02/28/2021,10/13/2023
1112,2,08/09/2019,02/10/2024
1113,1,08/22/2020,06/22/2024
1114,2,11/08/2018,05/31/2023
1115,3,03/26/2022,08/06/2024
1116,3,12/21/2020,06/04/2023
1117,0,07/14/2022,03/28/2024
1118,2,04/17/2020,07/04/2023
1119,2,01/17/2022,11/20/2024
1120,2,08/07/2019,11/30/2024
1121,2,08/21/2018,05/14/2023
1122,0,07/04/2022,09/18/2023
1123,0,08/30/2021,04/08/2024
